"Reporting starts","Reporting ends","Campaign name","Campaign delivery","Ad set budget","Ad set budget type","Attribution setting",Results,"Result indicator",Reach,Impressions,"Cost per results","Amount spent (TRY)","Purchases conversion value",Ends,"Link clicks","Website purchases",Views
2022-10-10,2025-11-10,,0,0,0,"Multiple attribution settings",,,3452668,17448751,,501837.55,,,,,1411982
2022-10-10,2025-11-10,"2025 - Iftar - Kaya İstanbul Fair & Convention Hotel",inactive,1000,Lifetime,"7-day click, 1-day view, or 1-day engaged-view",,,1347,2590,,225.05,,2025-03-29,8,,2602
2022-10-10,2025-11-10,"2025 - Iftar - VE Hotels Boğaziçi",inactive,1000,Lifetime,"7-day click, 1-day view, or 1-day engaged-view",4,actions:offsite_conversion.fb_pixel_purchase,2937,6012,104.36,417.44,4036.16,2025-03-29,22,4,5764
2022-10-10,2025-11-10,"FB - IG - Purchase - Nuspa Masaj",inactive,"Using ad set budget",0,"7-day click, 1-day view, or 1-day engaged-view",11,actions:offsite_conversion.fb_pixel_purchase,2976,7198,57.38090909,631.19,16659.16,Ongoing,48,11,7868
2022-10-10,2025-11-10,"202504 - Kaya İstanbul Fair & Convention Hotel 23 Nisan",inactive,350,Daily,"7-day click, 1-day view, or 1-day engaged-view",5,actions:offsite_conversion.fb_pixel_purchase,1480,2292,36.214,181.07,2155,2025-04-23,24,5,2300
2022-10-10,2025-11-10,"Istanbul Masaj 2025",inactive,1000,Daily,"7-day click, 1-day view, or 1-day engaged-view",25,actions:offsite_conversion.fb_pixel_purchase,14889,40975,170.216,4255.4,28056.82,Ongoing,284,25,41157
2022-10-10,2025-11-10,"New Sales Campaign",inactive,50,Daily,"7-day click, 1-day view, or 1-day engaged-view",1,actions:offsite_conversion.fb_pixel_purchase,1626,4774,408.74,408.74,999,Ongoing,60,1,4778
2022-10-10,2025-11-10,"2025 - Anneler Günü - Kaya İstanbul Fair & Convention Hotel",inactive,500,Daily,"7-day click, 1-day view, or 1-day engaged-view",1,actions:offsite_conversion.fb_pixel_purchase,7098,15173,922.7,922.7,2762.1,Ongoing,46,1,15182
2022-10-10,2025-11-10,"2025 - Anneler Günü - Crowne Plaza Oryapark",inactive,500,Daily,"7-day click, 1-day view, or 1-day engaged-view",2,actions:offsite_conversion.fb_pixel_purchase,7391,15456,383.265,766.53,3256.38,Ongoing,172,2,15479
2022-10-10,2025-11-10,"Purchase - Dr. Well - 202505",inactive,1250,Lifetime,"7-day click",,,174,433,,53.56,,2025-05-31,5,,433
2022-10-10,2025-11-10,"Purchase - Nuspa Masaj - 202505",inactive,200,Daily,"7-day click",3,actions:offsite_conversion.fb_pixel_purchase,1133,2464,93.97666667,281.93,3363.01,Ongoing,33,3,2482
2022-10-10,2025-11-10,"Masaj Promotion - Istanbul",inactive,300,Daily,"7-day click, 1-day view, or 1-day engaged-view",60,actions:offsite_conversion.fb_pixel_purchase,12902,50950,75.07533333,4504.52,140555.88,Ongoing,289,60,56841
2022-10-10,2025-11-10,"Masaj Promotion - Izmir",inactive,100,Daily,"7-day click, 1-day view, or 1-day engaged-view",8,actions:offsite_conversion.fb_pixel_purchase,4408,11876,117.22,937.76,9640.37,Ongoing,85,8,13292
2022-10-10,2025-11-10,"202507 - Tatil Otelleri - Purchase",inactive,1400,Lifetime,"7-day click, 1-day view, or 1-day engaged-view",21,actions:offsite_conversion.fb_pixel_purchase,5241,16153,66.25857143,1391.43,46255.49,2025-07-15,37,21,20566
2022-10-10,2025-11-10,"202507 - Leo Beach Hotel Bodrum",inactive,2000,Lifetime,"7-day click or 1-day view",21,actions:offsite_conversion.fb_pixel_purchase,5743,14144,77.88095238,1635.5,36989.75,2025-08-18,158,21,15648
2022-10-10,2025-11-10,"20250809 - POI Hayvanat Bahçesi",inactive,1000,Lifetime,"7-day click, 1-day view, or 1-day engaged-view",4,actions:offsite_conversion.fb_pixel_purchase,4523,9903,209.97,839.88,9385.6,2025-08-11,101,4,12228
2022-10-10,2025-11-10,"202508 - Aqua Club Dolphin",inactive,100,Daily,"7-day click, 1-day view, or 1-day engaged-view",14,actions:offsite_conversion.fb_pixel_purchase,6424,15185,78.86785714,1104.15,26148.81,Ongoing,167,14,17392
2022-10-10,2025-11-10,"202508 - Zeytinli Rock Festivali",inactive,200,Daily,"7-day click, 1-day view, or 1-day engaged-view",4,actions:offsite_conversion.fb_pixel_purchase,3532,4892,70.355,281.42,4399,Ongoing,57,4,5288
2022-10-10,2025-11-10,"202508 - Aqua Club Dolphin - Copy",inactive,100,Daily,"7-day click, 1-day view, or 1-day engaged-view",3,actions:offsite_conversion.fb_pixel_purchase,3854,5908,108.52333333,325.57,5341.77,Ongoing,46,3,6493
2022-10-10,2025-11-10,"Guzellik - Izmir - GRP15",inactive,100,Daily,"7-day click, 1-day view, or 1-day engaged-view",33,actions:offsite_conversion.fb_pixel_purchase,10578,39562,103.87666667,3427.93,51019.91,Ongoing,219,33,40228
2022-10-10,2025-11-10,"Purchase - Nuspa Fişekhane",inactive,100,Daily,"7-day click, 1-day view, or 1-day engaged-view",33,actions:offsite_conversion.fb_pixel_purchase,13108,42936,132.50666667,4372.72,48118.84,Ongoing,262,33,43198
2022-10-10,2025-11-10,"Tur Sefası ile 29 Ekim",inactive,100,Daily,"7-day click, 1-day view, or 1-day engaged-view",14,actions:offsite_conversion.fb_pixel_purchase,7800,20541,100.365,1405.11,23330.04,Ongoing,152,14,20670
2022-10-10,2025-11-10,"202510 - Guzellik - Izmir",inactive,500,Daily,"7-day click, 1-day view, or 1-day engaged-view",8,actions:offsite_conversion.fb_pixel_purchase,18166,36010,318.545,2548.36,11076.04,2025-11-01,344,8,36079
2022-10-10,2025-11-10,"202510 - Guzellik - Istanbul",inactive,500,Daily,"7-day click, 1-day view, or 1-day engaged-view",15,actions:offsite_conversion.fb_pixel_purchase,15435,33471,171.94666667,2579.2,46891.82,2025-11-01,153,15,33193
2022-10-10,2025-11-10,"20251028 - Ataköy Ramada Plaza By Wyndham İstanbul Hotel - Purchase",active,100,Daily,"7-day click, 1-day view, or 1-day engaged-view",22,actions:offsite_conversion.fb_pixel_purchase,6470,16723,52.32909091,1151.24,107102.74,2025-11-15,85,22,16803
2022-10-10,2025-11-10,"Instagram Post",inactive,200,Daily,"7-day click or 1-day view",45,actions:link_click,3461,3562,5.38066667,242.13,,2025-11-01,45,,3613
2022-10-10,2025-11-10,"New Sales Campaign - Yeni Türkü",completed,500,Daily,"7-day click or 1-day view",4,actions:offsite_conversion.fb_pixel_purchase,15105,27243,289.8525,1159.41,1352.78,2024-10-11,270,4,27298
2022-10-10,2025-11-10,"FB - IG - Purchase - Istanbul - Guzellik - 202410",inactive,200,Daily,"7-day click or 1-day view",14,actions:offsite_conversion.fb_pixel_purchase,2395,5629,33.95142857,475.32,43008.8,Ongoing,22,14,5631
2022-10-10,2025-11-10,"FB - IG - Purchase - Izmir - Guzellik - 202410",inactive,200,Daily,"7-day click or 1-day view",1,actions:offsite_conversion.fb_pixel_purchase,2827,6256,478.16,478.16,532.16,Ongoing,31,1,6253
2022-10-10,2025-11-10,"New Sales Campaign",inactive,500,Daily,"7-day click or 1-day view",42,actions:offsite_conversion.fb_pixel_purchase,28868,64348,79.46166667,3337.39,54639.81,Ongoing,295,42,64416
2022-10-10,2025-11-10,"New Traffic Campaign with recommended settings",archived,"Using ad set budget",0,-,,,0,0,,0,,2024-10-29,,,0
2022-10-10,2025-11-10,"New Awareness Campaign",inactive,525,Lifetime,"7-day click or 1-day view",95872,reach,95872,95977,3.2559037,312.15,,2024-10-30,2,,96140
2022-10-10,2025-11-10,"FB- IG - Traffic -Funtastic Aquariums",inactive,"Using ad set budget",0,"7-day click or 1-day view",356,actions:link_click,12717,16905,0.62831461,223.68,,Ongoing,356,,16947
2022-10-10,2025-11-10,"FB- IG - Purchase - Funtastic Aquariums",inactive,"Using ad set budget",0,"7-day click, 1-day view, or 1-day engaged-view",2,actions:offsite_conversion.fb_pixel_purchase,2652,4481,112.44,224.88,1785.93,Ongoing,23,2,4484
2022-10-10,2025-11-10,"FB - IG - Istanbul - Guzellik - 202411",inactive,500,Daily,"7-day click, 1-day view, or 1-day engaged-view",26,actions:offsite_conversion.fb_pixel_purchase,18339,42953,109.07653846,2835.99,46977.68,Ongoing,89,26,43332
2022-10-10,2025-11-10,"FB - IG - Izmir - Guzellik - 202411",inactive,500,Daily,"7-day click, 1-day view, or 1-day engaged-view",16,actions:offsite_conversion.fb_pixel_purchase,22313,52415,181.289375,2900.63,6613.98,Ongoing,208,16,52867
2022-10-10,2025-11-10,"FB - IG - Purchase - Harika Cuma 2024",inactive,1500,Daily,"7-day click, 1-day view, or 1-day engaged-view",25,actions:offsite_conversion.fb_pixel_purchase,6911,9763,38.126,953.15,16541.05,Ongoing,135,25,9801
2022-10-10,2025-11-10,"FB - IG - Purchase - Harika Cuma 2024 - Advantage+ shopping campaign - Copy",inactive,"Using ad set budget",0,"7-day click, 1-day view, or 1-day engaged-view",38,actions:offsite_conversion.fb_pixel_purchase,14933,29141,86.25447368,3277.67,29646.8,Ongoing,307,38,29298
2022-10-10,2025-11-10,"FB - IG - Purchase - Bilgili Tur Kapadokya",completed,1100,Lifetime,"7-day click, 1-day view, or 1-day engaged-view",16,actions:offsite_conversion.fb_pixel_purchase,13179,22235,68.75,1100,21599.35,2024-12-20,57,16,22397
2022-10-10,2025-11-10,"Traffic - Izmir - Guzellik",inactive,"Using ad set budget",0,"7-day click or 1-day view",190,actions:link_click,4606,7000,1.19952632,227.91,,Ongoing,190,,6524
2022-10-10,2025-11-10,"Traffic - Bilgili Tur Uludağ",inactive,150,Daily,"7-day click or 1-day view",387,actions:link_click,16473,23296,1.45723514,563.95,,Ongoing,387,,19905
2022-10-10,2025-11-10,"FB - IG - 2025 Iftar Istanbul Video",inactive,100,Daily,"7-day click, 1-day view, or 1-day engaged-view",18,actions:offsite_conversion.fb_pixel_purchase,16183,20904,48.02166667,864.39,23020.96,Ongoing,73,18,19356
2022-10-10,2025-11-10,"FB - IG - 2025 Iftar Istanbul",inactive,100,Daily,"7-day click or 1-day view",51,actions:offsite_conversion.fb_pixel_purchase,34893,95687,134.04882353,6836.49,87470.67,Ongoing,517,51,96529
2022-10-10,2025-11-10,"FB - IG - 2025 Kadınlar Günü - Istanbul",inactive,1000,Daily,"7-day click, 1-day view, or 1-day engaged-view",9,actions:offsite_conversion.fb_pixel_purchase,9708,25506,243.77111111,2193.94,8199.11,2025-03-11,111,9,25728
2022-10-10,2025-11-10,"FB - IG - 2025 Kadınlar Günü - Izmir",inactive,1000,Daily,"7-day click, 1-day view, or 1-day engaged-view",19,actions:offsite_conversion.fb_pixel_purchase,11952,29802,121.53315789,2309.13,5027.3,2025-03-11,226,19,30058
2022-10-10,2025-11-10,"FB - IG - 2025 Iftar Istanbul - Advantage+ shopping campaign - Copy",inactive,"Using ad set budget",0,-,,,0,0,,0,,Ongoing,,,0
2022-10-10,2025-11-10,"FB - IG - 2025 Iftar Istanbul - Advantage+ shopping campaign Campaign",inactive,"Using ad set budget",0,"7-day click or 1-day view",8,actions:offsite_conversion.fb_pixel_purchase,6953,14506,141.4425,1131.54,11383.32,Ongoing,98,8,14692
2022-10-10,2025-11-10,"New Sales Campaign - Advantage+ shopping campaign - Copy",archived,"Using ad set budget",0,-,,,0,0,,0,,2025-03-12,,,0
2022-10-10,2025-11-10,"2025 - Iftar - Ibis Istanbul Tuzla",inactive,100,Daily,"7-day click, 1-day view, or 1-day engaged-view",5,actions:offsite_conversion.fb_pixel_purchase,4202,7701,125.654,628.27,12866.23,2025-03-28,39,5,7777
2022-10-10,2025-11-10,"2025 - Iftar - Crowne Plaza Oryapark",inactive,1000,Lifetime,"7-day click, 1-day view, or 1-day engaged-view",5,actions:offsite_conversion.fb_pixel_purchase,2788,4707,84.228,421.14,15866.3,2025-03-29,17,5,4760
2022-10-10,2025-11-10,"2025 - Iftar - Clarion Hotel Golden Horn",inactive,1000,Lifetime,"7-day click, 1-day view, or 1-day engaged-view",1,actions:offsite_conversion.fb_pixel_purchase,1460,2314,216.77,216.77,5600,2025-03-29,4,1,2332
2022-10-10,2025-11-10,"FB - IG - Purchase - İzmir - İftar Firsat",inactive,100,Daily,"7-day click or 1-day view",55,actions:offsite_conversion.fb_pixel_purchase,7724,34901,26.27890909,1445.34,22722.08,2024-04-10,133,55,0
2022-10-10,2025-11-10,"Instagram post: Grupanya'da Ramazan Ayı'na Özel...",completed,100,Daily,"7-day click or 1-day view",536,actions:link_click,3995,6799,0.74580224,399.75,,2024-03-17,536,,0
2022-10-10,2025-11-10,"FB - IG - Purchase - Kemerhan Sofra",inactive,35,Daily,"7-day click or 1-day view",4,actions:offsite_conversion.fb_pixel_purchase,2038,3824,55.1275,220.51,4478.65,2024-04-10,13,4,0
2022-10-10,2025-11-10,"FB - IG - Purchase - Porta Romanos Hotel",inactive,35,Daily,"7-day click or 1-day view",3,actions:offsite_conversion.fb_pixel_purchase,1910,3504,73.40333333,220.21,2833.94,2024-04-10,10,3,0
2022-10-10,2025-11-10,"FB - IG - Purchase - Cevahir Hotel İstanbul Asia",inactive,50,Daily,"7-day click or 1-day view",3,actions:offsite_conversion.fb_pixel_purchase,2450,3506,80.51666667,241.55,13988,2024-04-10,41,3,0
2022-10-10,2025-11-10,"FB - IG - Purchase - Hilton İstanbul Kozyatağı",inactive,100,Daily,"7-day click or 1-day view",2,actions:offsite_conversion.fb_pixel_purchase,2839,6241,180.845,361.69,3450,2024-04-10,25,2,0
2022-10-10,2025-11-10,"FB - IG - Purchase - Dedeman Bostancı Hotel",not_delivering,35,Daily,"7-day click or 1-day view",2,actions:offsite_conversion.fb_pixel_purchase,1721,2955,92.475,184.95,2850,2024-04-10,6,2,0
2022-10-10,2025-11-10,"FB - IG - Purchase - Hüsnü Ala Cafe & Restaurant",inactive,50,Daily,"7-day click or 1-day view",4,actions:offsite_conversion.fb_pixel_purchase,1588,2542,35.4275,141.71,8197,2024-04-10,12,4,0
2022-10-10,2025-11-10,"FB - IG - Purchase - Ramazan Bayramı Turları",inactive,100,Daily,"7-day click or 1-day view",10,actions:offsite_conversion.fb_pixel_purchase,4990,10676,54.414,544.14,11974.9,2024-04-09,35,10,0
2022-10-10,2025-11-10,"New Sales Campaign",not_delivering,100,Daily,"7-day click or 1-day view",16,actions:offsite_conversion.fb_pixel_purchase,4654,14721,33.374375,533.99,19184.7,Ongoing,48,16,0
2022-10-10,2025-11-10,"Instagram Post",inactive,32.22,Daily,"7-day click or 1-day view",55,actions:link_click,1476,1845,1.01290909,55.71,,2024-04-22,55,,0
2022-10-10,2025-11-10,"IG - Kahvalti Çekiliş",inactive,200,Daily,"7-day click or 1-day view",214,actions:link_click,5226,8007,1.95308411,417.96,,2024-04-21,214,,0
2022-10-10,2025-11-10,"FB - IG - Istanbul - GeziPlus Etkinlik",inactive,67.5,Daily,"7-day click or 1-day view",23,actions:offsite_conversion.fb_pixel_purchase,5680,13197,27.15782609,624.63,23270.69,Ongoing,48,23,0
2022-10-10,2025-11-10,"FB - IG - Izmir - Alsancak Red Dragon Chinese Restaurant",inactive,37.5,Daily,"7-day click or 1-day view",1,actions:offsite_conversion.fb_pixel_purchase,596,1120,41.2,41.2,2461.1,Ongoing,2,1,0
2022-10-10,2025-11-10,"FB - IG - Post Promote - Gezinoloji",inactive,50,Daily,"7-day click or 1-day view",90,actions:offsite_conversion.fb_pixel_purchase,48351,131664,53.78644444,4840.78,119510.11,Ongoing,404,90,0
2022-10-10,2025-11-10,"New Traffic Campaign",inactive,"Using ad set budget",0,"7-day click or 1-day view",384,actions:link_click,12751,16177,0.73742188,283.17,,2024-05-16,384,,0
2022-10-10,2025-11-10,"New Sales Campaign",inactive,50,Daily,"7-day click or 1-day view",,,934,1634,,70.81,,Ongoing,10,,0
2022-10-10,2025-11-10,"New Traffic Campaign with recommended settings",inactive,"Using ad set budget",0,"7-day click or 1-day view",172,actions:link_click,10340,12310,0.88063953,151.47,,2024-05-03,172,,0
2022-10-10,2025-11-10,"FB - IG - Kahvaltı",inactive,33,Daily,"7-day click or 1-day view",115,actions:offsite_conversion.fb_pixel_purchase,71043,144392,49.94,5743.1,157778,Ongoing,783,115,0
2022-10-10,2025-11-10,"New Sales Campaign",inactive,37.5,Daily,"7-day click or 1-day view",2,actions:offsite_conversion.fb_pixel_purchase,892,1752,51.465,102.93,564,Ongoing,9,2,0
2022-10-10,2025-11-10,"FB - IG - Traffic - The X Hotel Belek",inactive,"Using ad set budget",0,"7-day click or 1-day view",37,actions:link_click,1835,2218,1.32567568,49.05,,Ongoing,37,,0
2022-10-10,2025-11-10,"FB - IG - Traffic - Yeni Asmalı",inactive,33,Daily,"7-day click or 1-day view",1277,actions:link_click,29406,46193,0.4593657,586.61,500,Ongoing,1277,1,0
2022-10-10,2025-11-10,"Advantage+ shopping campaign 05/31/2024 Campaign",not_delivering,50,Daily,-,,,0,0,,0,,1970-01-01,,,0
2022-10-10,2025-11-10,"FB - IG - Purchase - Yeni Asmalı",inactive,33,Daily,"7-day click or 1-day view",52,actions:offsite_conversion.fb_pixel_purchase,15401,51383,38.06019231,1979.13,27444.56,Ongoing,431,52,0
2022-10-10,2025-11-10,"FB - IG - Purchase - Kurban Bayramı",inactive,50,Daily,"7-day click or 1-day view",,,721,1074,,55.49,,2024-06-14,1,,0
2022-10-10,2025-11-10,"IG - Post Promote",inactive,200,Daily,"7-day click or 1-day view",,,150852,166657,,339.46,,2023-10-12,29,,0
2022-10-10,2025-11-10,"Post Promote - Dedeman Kartepe",inactive,50,Daily,"7-day click or 1-day view",548,actions:offsite_conversion.fb_pixel_purchase,131326,552311,37.20322993,20387.37,795329.74,Ongoing,1817,548,105991
2022-10-10,2025-11-10,"FB - IG - Purchase - Bursa - Guzellik",not_delivering,100,Daily,"7-day click or 1-day view",1,actions:offsite_conversion.fb_pixel_purchase,6191,13158,366.39,366.39,95.2,Ongoing,16,1,0
2022-10-10,2025-11-10,"FB - IG - Kapadokya",not_delivering,200,Daily,"7-day click or 1-day view",,,6591,13826,,558.9,,Ongoing,44,,0
2022-10-10,2025-11-10,"Post Promote - Days Hotel by Wyndham Aqua Plus Spa",inactive,200,Daily,"7-day click or 1-day view",14,actions:offsite_conversion.fb_pixel_purchase,16910,47426,132.51857143,1855.26,10895,Ongoing,328,14,0
2022-10-10,2025-11-10,"Post Promote - Millenium Golden Horn Hotel Aqua Plus Spa",not_delivering,50,Daily,"7-day click or 1-day view",22,actions:offsite_conversion.fb_pixel_purchase,12847,32343,76.91590909,1692.15,15884.02,Ongoing,237,22,0
2022-10-10,2025-11-10,"Post Promote - Mecidiyeköy Milord Hotel Aqua Plus Spa",inactive,50,Daily,"7-day click or 1-day view",39,actions:offsite_conversion.fb_pixel_purchase,17902,53222,63.7725641,2487.13,24650.88,Ongoing,442,39,0
2022-10-10,2025-11-10,"Harika Cuma 2023 Campaign",completed,"Using ad set budget",0,"7-day click or 1-day view",29,actions:offsite_conversion.fb_pixel_purchase,15265,30041,54.9862069,1594.6,18765.7,2023-11-27,333,29,0
2022-10-10,2025-11-10,"Harika Cuma İstanbul 2023",inactive,"Using ad set budget",0,"7-day click or 1-day view",81,actions:offsite_conversion.fb_pixel_purchase,34308,71850,51.1382716,4142.2,52213.38,Ongoing,646,81,0
2022-10-10,2025-11-10,"Harika Cuma Ankara 2023",not_delivering,"Using ad set budget",0,"7-day click or 1-day view",20,actions:offsite_conversion.fb_pixel_purchase,11885,23198,47.68,953.6,12529,Ongoing,197,20,0
2022-10-10,2025-11-10,"Harika Cuma İzmir 2023",inactive,"Using ad set budget",0,"7-day click or 1-day view",11,actions:offsite_conversion.fb_pixel_purchase,8972,20115,97.38090909,1071.19,3607,Ongoing,190,11,0
2022-10-10,2025-11-10,"Post Promote - Ramada Fındıkzade Aqua Plus Spa",inactive,50,Daily,"7-day click or 1-day view",8,actions:offsite_conversion.fb_pixel_purchase,6039,15733,101.2525,810.02,5003.56,Ongoing,97,8,0
2022-10-10,2025-11-10,"Post Promote - The Green Oasis Thermal",not_delivering,100,Daily,"7-day click or 1-day view",30,actions:offsite_conversion.fb_pixel_purchase,8769,26080,37.659,1129.77,35128.04,Ongoing,70,30,0
2022-10-10,2025-11-10,"Post Promote - 5* Kervansaray Termal Otel",not_delivering,100,Daily,"7-day click or 1-day view",4,actions:offsite_conversion.fb_pixel_purchase,3310,7277,85.435,341.74,2373.07,Ongoing,38,4,0
2022-10-10,2025-11-10,"Post Promote - Muratpaşa Queen Beauty Studio",completed,100,Daily,"7-day click or 1-day view",8,actions:offsite_conversion.fb_pixel_purchase,6995,21307,80.78375,646.27,3982,2023-12-20,36,8,0
2022-10-10,2025-11-10,"Post Promote - Istanbul_Guzellik_202312",completed,100,Daily,"7-day click or 1-day view",5,actions:offsite_conversion.fb_pixel_purchase,2737,7546,70.634,353.17,3628,2023-12-18,17,5,0
2022-10-10,2025-11-10,"Post Promote - Ankara_Guzellik_202312",completed,50,Daily,"7-day click or 1-day view",8,actions:offsite_conversion.fb_pixel_purchase,1408,4140,22.02375,176.19,2959.01,2023-12-18,9,8,0
2022-10-10,2025-11-10,"Post Promote - Izmir_Guzellik_202312",completed,100,Daily,"7-day click or 1-day view",4,actions:offsite_conversion.fb_pixel_purchase,2453,8042,88.1,352.4,1170.06,2023-12-18,18,4,0
2022-10-10,2025-11-10,"Post Promote - Bursa_Guzellik_202312",completed,50,Daily,"7-day click or 1-day view",2,actions:offsite_conversion.fb_pixel_purchase,1763,4934,88.095,176.19,610,2023-12-18,11,2,0
2022-10-10,2025-11-10,"Post Promote - Antalya_Guzellik_202312",completed,50,Daily,"7-day click or 1-day view",1,actions:offsite_conversion.fb_pixel_purchase,1627,4172,176.17,176.17,479.2,2023-12-18,20,1,0
2022-10-10,2025-11-10,"Post Promote - Glamour Hotel Roof & Fine Dine Restaurant",completed,"Using ad set budget",0,"7-day click or 1-day view",683,actions:link_click,30461,51929,0.90178624,615.92,4316.46,2023-12-31,683,2,0
2022-10-10,2025-11-10,"Post Promote - Istanbul Yilbasi",completed,250,Daily,"7-day click or 1-day view",11,actions:offsite_conversion.fb_pixel_purchase,6017,16182,67.35909091,740.95,6922.58,2023-12-31,47,11,0
2022-10-10,2025-11-10,"Post Promote - Aleyna Tilki Gala",not_delivering,1400,Lifetime,"7-day click or 1-day view",438,actions:link_click,22027,28297,0.52178082,228.54,,2024-02-27,438,,0
2022-10-10,2025-11-10,"FB - IG - Purchase - Halkalı Liv City Hotels",completed,500,Lifetime,"7-day click or 1-day view",3,actions:offsite_conversion.fb_pixel_purchase,6334,13272,166.66666667,500,3196,2024-01-19,25,3,0
2022-10-10,2025-11-10,"Post Promote - Kervansaray Termal Otel Konaklama",not_delivering,100,Daily,"7-day click or 1-day view",24,actions:offsite_conversion.fb_pixel_purchase,7163,18155,26.42541667,634.21,21976.6,Ongoing,61,24,0
2022-10-10,2025-11-10,"FB - IG - Purchase - İstanbul - Oto Bakım",archived,"Using ad set budget",0,"7-day click or 1-day view",12,actions:link_click,474,478,0.56833333,6.82,,2022-11-29,12,,0
2022-10-10,2025-11-10,"FB - IG - Purchase - İstanbul - Oto Bakım",inactive,"Using ad set budget",0,"7-day click or 1-day view",105,actions:offsite_conversion.fb_pixel_purchase,45610,98981,26.69990476,2803.49,66656.67,Ongoing,100,105,0
2022-10-10,2025-11-10,"FB - IG - Purchase - Izmir - SPA & Masaj",inactive,"Using ad set budget",0,"7-day click or 1-day view",1063,actions:offsite_conversion.fb_pixel_purchase,363348,1607134,30.0141016,31904.99,268894.74,Ongoing,7555,1063,0
2022-10-10,2025-11-10,GRP_Iftar_50,not_delivering,250,Daily,"7-day click or 1-day view",287,actions:offsite_conversion.fb_pixel_purchase,92055,343858,41.04125436,11778.84,258397.69,2024-04-10,2232,287,0
2022-10-10,2025-11-10,Kırkubbe,inactive,"Using ad set budget",0,"7-day click",29,actions:offsite_conversion.fb_pixel_purchase,66584,152043,117.75068966,3414.77,21073.09,Ongoing,1643,29,0
2022-10-10,2025-11-10,GRP_Ankara_Masaj_Kategori,not_delivering,50,Daily,"7-day click or 1-day view",11,actions:offsite_conversion.fb_pixel_purchase,10704,26426,77.43909091,851.83,5643.35,Ongoing,242,11,0
2022-10-10,2025-11-10,GRP_Izmir_Masaj_Kategori,not_delivering,100,Daily,"7-day click or 1-day view",15,actions:offsite_conversion.fb_pixel_purchase,13903,36730,75.22733333,1128.41,3540.34,Ongoing,338,15,0
2022-10-10,2025-11-10,GRP_Bursa_Masaj_Kategori,not_delivering,28,Daily,"7-day click or 1-day view",5,actions:offsite_conversion.fb_pixel_purchase,11600,19611,88.286,441.43,1172,Ongoing,195,5,0
2022-10-10,2025-11-10,GRP_Antalya_Masaj_Kategori,not_delivering,28,Daily,"7-day click or 1-day view",5,actions:offsite_conversion.fb_pixel_purchase,12073,21458,88.536,442.68,1679,Ongoing,184,5,0
2022-10-10,2025-11-10,"FB - IG - Post Promote - Bayram Tur",inactive,"Using ad set budget",0,"7-day click or 1-day view",46,actions:offsite_conversion.fb_pixel_purchase,72233,142158,75.24913043,3461.46,49065.7,Ongoing,376,46,0
2022-10-10,2025-11-10,"FB - IG - Post Promote - Havuz Plaj",not_delivering,"Using ad set budget",0,"7-day click or 1-day view",1113,actions:offsite_conversion.fb_pixel_purchase,536446,2260974,60.99963163,67892.59,1046775.97,Ongoing,23538,1113,160484
2022-10-10,2025-11-10,"FB - IG - BCC Beauty & Care Center",not_delivering,1200,Lifetime,"7-day click or 1-day view",1944,actions:link_click,67150,127679,0.61728395,1200,,2023-07-22,1944,,0
2022-10-10,2025-11-10,"FB - IG - Purchase - TorTuga",inactive,2100,Lifetime,"7-day click or 1-day view",6,actions:offsite_conversion.fb_pixel_purchase,37670,104368,206.91,1241.46,4398.5,2023-08-20,709,6,0
2022-10-10,2025-11-10,"FB - IG - Turkcell Platinium Işık Festivali",not_delivering,200,Daily,"7-day click or 1-day view",339,actions:offsite_conversion.fb_pixel_purchase,118848,519497,50.2360767,17030.03,241285.09,Ongoing,2591,339,0
2022-10-10,2025-11-10,"FB - IG - Purchase - Aqua Atlantis",inactive,1000,Lifetime,"7-day click or 1-day view",1,actions:offsite_conversion.fb_pixel_purchase,13206,25736,352.91,352.91,33,2023-08-20,200,1,0
2022-10-10,2025-11-10,"FB - IG - Purchase - Izmir - Guzellik",inactive,200,Daily,"7-day click or 1-day view",68,actions:offsite_conversion.fb_pixel_purchase,41022,157449,78.96411765,5369.56,16363.82,Ongoing,426,68,10647
2022-10-10,2025-11-10,"FB - IG - Purchase - Ankara - Guzellik",inactive,100,Daily,"7-day click or 1-day view",2,actions:offsite_conversion.fb_pixel_purchase,9081,16547,195.955,391.91,284.15,Ongoing,21,2,0
2022-10-10,2025-11-10,"FB - IG - Purchase - Ankara - Guzellik",not_delivering,100,Daily,"7-day click or 1-day view",7,actions:offsite_conversion.fb_pixel_purchase,20868,34318,125.2,876.4,5617.92,Ongoing,48,7,0
2022-10-10,2025-11-10,"FB - IG - Purchase - Antalya - Guzellik",not_delivering,100,Daily,"7-day click or 1-day view",13,actions:offsite_conversion.fb_pixel_purchase,11717,27367,67.39307692,876.11,3507.03,Ongoing,87,13,0
2022-10-10,2025-11-10,"FB - IG - Purchase - Istanbul - Otel",not_delivering,1050,Lifetime,"7-day click or 1-day view",10,actions:offsite_conversion.fb_pixel_purchase,17403,42955,104.994,1049.94,11779.5,2023-09-24,94,10,0
2022-10-10,2025-11-10,GRP_Antalya_Masaj_Kategori,archived,37.5,Daily,-,,,0,0,,0,,2023-09-27,,,0
2022-10-10,2025-11-10,"FB - IG - Purchase - Istanbul",not_delivering,55,Daily,"7-day click or 1-day view",24,actions:offsite_conversion.fb_pixel_purchase,11873,33979,69.3175,1663.62,18050,Ongoing,144,24,0
2022-10-10,2025-11-10,"FB - IG - Purchase - Istanbul - Kahvalti",inactive,50,Daily,"7-day click or 1-day view",93,actions:offsite_conversion.fb_pixel_purchase,45694,161196,63.19892473,5877.5,89882.64,Ongoing,450,93,0
2022-10-10,2025-11-10,"FB - IG - Purchase - Ankara - Kahvalti",inactive,30,Daily,"7-day click or 1-day view",3,actions:offsite_conversion.fb_pixel_purchase,7972,15527,157.11333333,471.34,2059,Ongoing,69,3,0
2022-10-10,2025-11-10,"FB - IG - Purchase - Izmir - Kahvalti",inactive,30,Daily,"7-day click or 1-day view",,,6192,15409,,472.82,,Ongoing,74,,0
2022-10-10,2025-11-10,"FB - IG - Purchase - Istanbul - Guzellik",inactive,200,Daily,"7-day click or 1-day view",258,actions:offsite_conversion.fb_pixel_purchase,111088,281738,36.69965116,9468.51,135858.44,Ongoing,604,258,18321
2022-10-10,2025-11-10,"FB - IG - Purchase - İzmir- Güzellik",not_delivering,100,Daily,"7-day click or 1-day view",15,actions:offsite_conversion.fb_pixel_purchase,9554,17920,19.366,290.49,1736.75,Ongoing,69,15,0
2022-10-10,2025-11-10,"FB - IG - Purchase - Antalya - Güzellik",inactive,50,Daily,"7-day click or 1-day view",2,actions:offsite_conversion.fb_pixel_purchase,6183,11183,72.79,145.58,309,Ongoing,40,2,0
2022-10-10,2025-11-10,"FB - IG - Purchase - İstanbul - Etkinlik",not_delivering,100,Daily,"7-day click or 1-day view",359,actions:offsite_conversion.fb_pixel_purchase,148526,447072,41.26169916,14812.95,191729.45,Ongoing,2045,359,0
2022-10-10,2025-11-10,"FB - IG - Purchase - Ankara - Etkinlik",archived,400,Lifetime,-,,,0,0,,0,,1970-01-01,,,0
2022-10-10,2025-11-10,"FB - IG - Purchase - Ankara - Etkinlik",inactive,2000,Lifetime,"7-day click or 1-day view",1,actions:offsite_conversion.fb_pixel_purchase,1478,1844,36,36,598,2022-11-19,22,1,0
2022-10-10,2025-11-10,"FB - IG - Purchase - İstanbul - SPA & Masaj",inactive,20,Daily,"7-day click or 1-day view",124,actions:offsite_conversion.fb_pixel_purchase,47986,118108,31.18758065,3867.26,59140.75,Ongoing,1326,124,0
2022-10-10,2025-11-10,"FB - IG - Traffic - İstanbul - Etkinlik - İndirim",inactive,"Using ad set budget",0,-,,,0,0,,0,,Ongoing,,,0
2022-10-10,2025-11-10,"FB - IG - Purchase - İstanbul - İftar Menüleri",inactive,"Using ad set budget",0,"7-day click or 1-day view",19992,actions:link_click,402226,1183060,0.64892707,12973.35,13477,Ongoing,19992,14,0
2022-10-10,2025-11-10,"FB - IG - Purchase - İstanbul - İftar Fırsat",not_delivering,"Using ad set budget",0,"7-day click or 1-day view",9546,actions:link_click,216047,503289,0.51733291,4938.46,498,Ongoing,9546,1,0
2022-10-10,2025-11-10,"IG - Post Promote - Çekiliş - Plastik Aşklar",inactive,50,Daily,-,,,0,0,,0,,Ongoing,,,0
2022-10-10,2025-11-10,"FB - IG - Purchase - Izmir - Etkinlik",not_delivering,50,Daily,"7-day click or 1-day view",174,actions:offsite_conversion.fb_pixel_purchase,83280,358855,56.59804598,9848.06,41996.78,Ongoing,2278,174,0
2022-10-10,2025-11-10,"FB - IG - Purchase - İstanbul - Festivali - Biletleri",not_delivering,"Using ad set budget",0,-,,,0,0,,0,,Ongoing,,,0
2022-10-10,2025-11-10,"FB - IG - Traffic - Izmir - SPA & Masaj",inactive,"Using ad set budget",0,-,,,0,0,,0,,Ongoing,,,0
2022-10-10,2025-11-10,GRP_Istanbul_Guzellik_Kategori,inactive,100,Daily,"7-day click or 1-day view",486,actions:offsite_conversion.fb_pixel_purchase,145635,545023,50.4926749,24539.44,531857.04,Ongoing,1206,486,24556
2022-10-10,2025-11-10,GRP_Izmir_Guzellik_Kategori,inactive,100,Daily,"7-day click or 1-day view",1489,actions:offsite_conversion.fb_pixel_purchase,193600,1236064,27.44385494,40863.9,291425.04,Ongoing,6130,1489,45881
2022-10-10,2025-11-10,GRP_Ankara_Guzellik_Kategori,inactive,20,Daily,"7-day click or 1-day view",109,actions:offsite_conversion.fb_pixel_purchase,63249,236102,56.32440367,6139.36,32495.25,Ongoing,953,109,0
2022-10-10,2025-11-10,GRP_Antalya_Guzellik_Kategori,inactive,20,Daily,"7-day click or 1-day view",224,actions:offsite_conversion.fb_pixel_purchase,65353,358386,38.68580357,8665.62,58620.96,Ongoing,2222,224,0
2022-10-10,2025-11-10,GRP_Istanbul_Masaj_Kategori,not_delivering,100,Daily,"7-day click or 1-day view",429,actions:offsite_conversion.fb_pixel_purchase,210823,585651,43.99475524,18873.75,260635.7,Ongoing,4791,429,0
2022-10-10,2025-11-10,"FB - IG Post Promote",not_delivering,1000,Daily,"7-day click or 1-day view",49165,actions:post_engagement,319899,705676,0.33279569,16361.9,4770.58,Ongoing,6156,11,0
2022-10-10,2025-11-10,GRP_Istanbul_Etkinlik_Kategori,inactive,20,Daily,"7-day click or 1-day view",151,actions:offsite_conversion.fb_pixel_purchase,110012,243992,28.46092715,4297.6,46190.51,Ongoing,4071,151,0
2022-10-10,2025-11-10,"FB - IG - Purchase - Ankara - Etkinlik",not_delivering,50,Daily,"7-day click or 1-day view",141,actions:offsite_conversion.fb_pixel_purchase,143567,499525,68.07170213,9598.11,60990.95,Ongoing,5300,141,0
2022-10-10,2025-11-10,GRP_Inactive_Buyer,inactive,250,Daily,"7-day click or 1-day view",476,actions:offsite_conversion.fb_pixel_purchase,139769,1264875,51.82991597,24671.04,194773.85,Ongoing,7293,476,0
2022-10-10,2025-11-10,"FB - IG - Purchase - Bursa - Etkinlik",not_delivering,40,Daily,"7-day click or 1-day view",7,actions:offsite_conversion.fb_pixel_purchase,8766,16951,86.76,607.32,3570.3,Ongoing,50,7,0
2022-10-10,2025-11-10,GRP_Subscriber,not_delivering,100,Daily,"7-day click or 1-day view",23,actions:offsite_conversion.fb_pixel_purchase,8343,16163,15.59173913,358.61,5080.9,Ongoing,175,23,0
2022-10-10,2025-11-10,"Hype - FB - IG - Erişim 26 Kasım 2019 - Black Friday",inactive,150,Daily,-,,,0,0,,0,,Ongoing,,,0
2022-10-10,2025-11-10,"Hype - FB - IG - 26 Kasım 2019 - Efsane Cuma - İstanbul",inactive,100,Daily,-,,,0,0,,0,,Ongoing,,,0
2022-10-10,2025-11-10,"Hype - FB - IG - 26 Kasım 2019 - Efsane Cuma - Ankara",inactive,100,Daily,-,,,0,0,,0,,Ongoing,,,0
2022-10-10,2025-11-10,"Hype - FB - IG - 26 Kasım 2019 - Efsane Cuma - İzmir",inactive,100,Daily,-,,,0,0,,0,,Ongoing,,,0
2022-10-10,2025-11-10,"Hype - FB - IG - 26 Kasım 2019 - Efsane Cuma - Bursa",inactive,100,Daily,-,,,0,0,,0,,Ongoing,,,0
2022-10-10,2025-11-10,"Hype - FB - IG - 26 Kasım 2019 - Efsane Cuma - Antalya",inactive,100,Daily,-,,,0,0,,0,,Ongoing,,,0
2022-10-10,2025-11-10,"Hype -FB - IG - Erişim 28 Kasım 2019 - Harika Cuma",inactive,100,Daily,-,,,0,0,,0,,Ongoing,,,0
2022-10-10,2025-11-10,"Hype - FB - IG -  Efsane Cuma - Ankara - Travel",inactive,100,Daily,-,,,0,0,,0,,Ongoing,,,0
2022-10-10,2025-11-10,"Hype - FB - IG - Efsane Cuma - İzmir - Travel",inactive,100,Daily,-,,,0,0,,0,,Ongoing,,,0
2022-10-10,2025-11-10,"Hype - FB - IG - Efsane Cuma - Bursa - Travel",inactive,100,Daily,-,,,0,0,,0,,Ongoing,,,0
2022-10-10,2025-11-10,"Hype - FB - IG - Efsane Cuma - Antalya -  Travel",inactive,100,Daily,-,,,0,0,,0,,Ongoing,,,0
2022-10-10,2025-11-10,"Hype - FB - IG - Efsane Cuma - İstanbul - Travel",inactive,100,Daily,-,,,0,0,,0,,Ongoing,,,0
2022-10-10,2025-11-10,"Hype - FB - IG - Kamil Koç - İstanbul - Travel",inactive,150,Daily,-,,,0,0,,0,,Ongoing,,,0
2022-10-10,2025-11-10,"Hype -FB - IG - Erişim 05 Aralık 2019 - Blog",inactive,100,Daily,-,,,0,0,,0,,Ongoing,,,0
2022-10-10,2025-11-10,"Hype -FB - IG - Erişim 11 Aralık 2019",inactive,100,Daily,-,,,0,0,,0,,Ongoing,,,0
2022-10-10,2025-11-10,"Hype - FB - IG - Yılbaşı İndirim Kodu - Yılbaşı",inactive,100,Daily,-,,,0,0,,0,,Ongoing,,,0
2022-10-10,2025-11-10,"Hype -FB - IG - Erişim 18 Aralık 2019",inactive,100,Daily,-,,,0,0,,0,,Ongoing,,,0
2022-10-10,2025-11-10,"Hype - FB - IG - Yılbaşı İndirim Uzatılması - Post Promete",inactive,100,Daily,-,,,0,0,,0,,Ongoing,,,0
2022-10-10,2025-11-10,"Hype - FB - IG - Yılbaşı İndirim Post Promote",inactive,100,Daily,-,,,0,0,,0,,Ongoing,,,0
2022-10-10,2025-11-10,"Hype - FB - IG - Robotlar - Converison",inactive,200,Daily,-,,,0,0,,0,,Ongoing,,,0
2022-10-10,2025-11-10,"Hype - FB - IG - Post Promote - D-smart",inactive,50,Daily,-,,,0,0,,0,,Ongoing,,,0
2022-10-10,2025-11-10,"Hype - FB - IG - Post Promote - Türken Dijital",inactive,50,Daily,-,,,0,0,,0,,Ongoing,,,0
2022-10-10,2025-11-10,"Hype - FB - IG - Link Click - Harem Kabare - Copy",archived,"Using ad set budget",0,-,,,0,0,,0,,1970-01-01,,,0
2022-10-10,2025-11-10,"Hype - FB - IG - Post Promote - Tiyatro",archived,100,Daily,-,,,0,0,,0,,1970-01-01,,,0
2022-10-10,2025-11-10,"FB - IG - Purchase - Ankara - Güzellik",inactive,100,Daily,"7-day click or 1-day view",4,actions:offsite_conversion.fb_pixel_purchase,13817,23596,72.7925,291.17,1050.74,Ongoing,47,4,0
2022-10-10,2025-11-10,"Hype - IG - Post Promote 05 Eylül 2019 - Çekiliş",inactive,100,Daily,-,,,0,0,,0,,Ongoing,,,0
2022-10-10,2025-11-10,"Hype - FB/IG Post Engagement 6 Eylül 2019 Hafta Sonu Postu - Turkey",inactive,100,Daily,-,,,0,0,,0,,Ongoing,,,0
2022-10-10,2025-11-10,"Hype - FB - Erişim - 12 Eylül 2019 - Büyük Gözaltı",inactive,100,Daily,-,,,0,0,,0,,Ongoing,,,0
2022-10-10,2025-11-10,"Hype - FB - Erişim - 13 Eylül 2019 - Portofino Solarium Reklam",inactive,100,Daily,-,,,0,0,,0,,Ongoing,,,0
2022-10-10,2025-11-10,"Hype - IG - Post Promote 16 Eylül 2019 - Çekiliş - Kahvaltı",inactive,100,Daily,-,,,0,0,,0,,Ongoing,,,0
2022-10-10,2025-11-10,"Hype - FB/IG Post Engagement 17 Eylül 2019",inactive,100,Daily,-,,,0,0,,0,,Ongoing,,,0
2022-10-10,2025-11-10,"Hype - FB/IG Post Engagement 19 Eylül 2019 - İlyas Yalçıntaş Konse",inactive,100,Daily,-,,,0,0,,0,,Ongoing,,,0
2022-10-10,2025-11-10,"Hype -FB - IG - Erişim 19 Eylül 2019 - Story",inactive,100,Daily,-,,,0,0,,0,,Ongoing,,,0
2022-10-10,2025-11-10,"Hype - FB/IG Purchase 20 Eylül 2019",inactive,100,Daily,-,,,0,0,,0,,Ongoing,,,0
2022-10-10,2025-11-10,"Hype - FB/IG Post Engagement 20 Eylül 2019",inactive,150,Daily,-,,,0,0,,0,,Ongoing,,,0
2022-10-10,2025-11-10,"Hype - FB/IG Post Engagement 24 Eylül 2019",inactive,150,Daily,-,,,0,0,,0,,Ongoing,,,0
2022-10-10,2025-11-10,"Hype -FB - IG - Erişim 27 Eylül 2019",inactive,100,Daily,-,,,0,0,,0,,Ongoing,,,0
2022-10-10,2025-11-10,"Hype -FB - IG - Erişim 01 Ekim 2019",inactive,100,Daily,-,,,0,0,,0,,Ongoing,,,0
2022-10-10,2025-11-10,"Hype -FB - IG - Erişim 08 Ekim 2019",inactive,100,Daily,-,,,0,0,,0,,Ongoing,,,0
2022-10-10,2025-11-10,"Hype -FB - IG - Erişim 10 Ekim 2019",inactive,100,Daily,-,,,0,0,,0,,Ongoing,,,0
2022-10-10,2025-11-10,"Hype -FB - IG - Erişim Çekiliş - Story",inactive,100,Daily,-,,,0,0,,0,,Ongoing,,,0
2022-10-10,2025-11-10,"Hype - FB - IG - Story - Çekiliş",inactive,100,Daily,-,,,0,0,,0,,Ongoing,,,0
2022-10-10,2025-11-10,"Hype -FB - IG - Post Engagement - 31 Ekim 2019",inactive,100,Daily,-,,,0,0,,0,,Ongoing,,,0
2022-10-10,2025-11-10,"Hype -FB - IG - Post Engagement - 01 Kasım 2019",inactive,100,Daily,-,,,0,0,,0,,Ongoing,,,0
2022-10-10,2025-11-10,Hype-Grupanya-IOS-App-Download,inactive,1200,Daily,-,,,0,0,,0,,Ongoing,,,0
2022-10-10,2025-11-10,Hype-Grupanya-11.11,inactive,100,Daily,-,,,0,0,,0,,Ongoing,,,0
2022-10-10,2025-11-10,"Hype -FB - IG - Erişim 06 Kasım 2019",inactive,100,Daily,-,,,0,0,,0,,Ongoing,,,0
2022-10-10,2025-11-10,"Hype -FB - IG - Erişim 19 Kasım 2019",inactive,100,Daily,-,,,0,0,,0,,Ongoing,,,0
2022-10-10,2025-11-10,"Hype -FB - IG - Erişim 20 Kasım 2019",inactive,100,Daily,-,,,0,0,,0,,Ongoing,,,0
2022-10-10,2025-11-10,"Hype -FB - IG - Erişim 21 Kasım 2019",inactive,100,Daily,-,,,0,0,,0,,Ongoing,,,0
2022-10-10,2025-11-10,"Hype - IG&FB - Erişim  27 Mayıs 2019",inactive,100,Daily,-,,,0,0,,0,,Ongoing,,,0
2022-10-10,2025-11-10,"Hype - IG&FB - Erişim  28 Mayıs 2019",inactive,100,Daily,-,,,0,0,,0,,Ongoing,,,0
2022-10-10,2025-11-10,"Hype - IG&FB - Erişim  29 Mayıs 2019",inactive,100,Daily,-,,,0,0,,0,,Ongoing,,,0
2022-10-10,2025-11-10,"Hype - IG&FB - Erişim  30 Mayıs 2019",inactive,100,Daily,-,,,0,0,,0,,Ongoing,,,0
2022-10-10,2025-11-10,"Hype - IG - Erişim 17 Haziran 2019 - Çekiliş - Tortuga Aqua Park",inactive,105,Daily,-,,,0,0,,0,,Ongoing,,,0
2022-10-10,2025-11-10,"Hype - IG - Erişim 26 Haziran 2019 - Çekiliş - Şile-Ağva Polonezköy",inactive,105,Daily,-,,,0,0,,0,,Ongoing,,,0
2022-10-10,2025-11-10,"Hype - IG - Erişim 27 Haziran 2019 - Emel Sayın Konseri",inactive,100,Daily,-,,,0,0,,0,,Ongoing,,,0
2022-10-10,2025-11-10,"Hype -FB - IG - Erişim 03 Temmuz 2019 - Pırıl Pırıl Otel",inactive,105,Daily,-,,,0,0,,0,,Ongoing,,,0
2022-10-10,2025-11-10,"Hype -FB - IG - Erişim 04 Temmuz 2019 - Kahvaltı Çekiliş",inactive,105,Daily,-,,,0,0,,0,,Ongoing,,,0
2022-10-10,2025-11-10,"Hype -FB - IG - Erişim 10 Temmuz 2019 - Chakra Beach Kabak",inactive,100,Daily,-,,,0,0,,0,,Ongoing,,,0
2022-10-10,2025-11-10,Hype_FB_IG_Katalog,inactive,50,Daily,-,,,0,0,,0,,Ongoing,,,0
2022-10-10,2025-11-10,"Hype - IG - Erişim 13 Temmuz 2019 - Havuz - Beach Çekiliş",inactive,100,Daily,-,,,0,0,,0,,Ongoing,,,0
2022-10-10,2025-11-10,"Hype -FB - IG - Erişim 18 Temmuz 2019 - Cansu Bungolov Hotel",inactive,100,Daily,-,,,0,0,,0,,Ongoing,,,0
2022-10-10,2025-11-10,"Hype - IG - Erişim 19 Temmuz 2019 -Tur Çekiliş",inactive,100,Daily,-,,,0,0,,0,,Ongoing,,,0
2022-10-10,2025-11-10,"Hype -FB - IG - Erişim 18 Temmuz 2019 - A11 Hotel - Haftanın Yıldızı",inactive,100,Daily,-,,,0,0,,0,,Ongoing,,,0
2022-10-10,2025-11-10,"Hype - IG - Erişim 02 Ağustos 2019 - Çekiliş",inactive,100,Daily,-,,,0,0,,0,,Ongoing,,,0
2022-10-10,2025-11-10,"Hype -FB - IG - Erişim 07 Ağustos 2019 Kaya Artemis Otel - Grupanya Tatil Hesabı",inactive,100,Daily,-,,,0,0,,0,,Ongoing,,,0
2022-10-10,2025-11-10,"Hype -FB - IG - Erişim 07 Ağustos 2019 Kaya Artemis Otel - Grupanya Hesabı",inactive,100,Daily,-,,,0,0,,0,,Ongoing,,,0
2022-10-10,2025-11-10,"Hype -FB - IG - Erişim 27 Temmuz 2019 - Coctail Fest",inactive,100,Daily,-,,,0,0,,0,,Ongoing,,,0
2022-10-10,2025-11-10,"Hype - IG - Erişim 26 Ağustos 2019 - Çekiliş",inactive,100,Daily,-,,,0,0,,0,,Ongoing,,,0
2022-10-10,2025-11-10,"Hype - FB - Erişim 26 Ağustos 2019 - Çekiliş",inactive,100,Daily,-,,,0,0,,0,,Ongoing,,,0
2022-10-10,2025-11-10,"Hype - FB/IG Post Engagement 2 Eylül 2019 Göze Sarıyer",inactive,100,Daily,-,,,0,0,,0,,Ongoing,,,0
2022-10-10,2025-11-10,"Hype - FB/IG Post Engagement 4 Eylül 2019 Piyale",inactive,100,Daily,-,,,0,0,,0,,Ongoing,,,0
2022-10-10,2025-11-10,"Hype - FB/IG Post Engagement 4 Eylül 2019 Divan İstanbul_grupanyatatil",inactive,100,Daily,-,,,0,0,,0,,Ongoing,,,0
2022-10-10,2025-11-10,"Hype - FB/IG Post Engagement 4 Eylül 2019 Divan İstanbul_grupanyaig",inactive,100,Daily,-,,,0,0,,0,,Ongoing,,,0
2022-10-10,2025-11-10,"Hype - IG - Erişim  07 Mayıs 2019 - İstanbul",inactive,25,Daily,-,,,0,0,,0,,Ongoing,,,0
2022-10-10,2025-11-10,"Hype - IG - Erişim  07 Mayıs 2019 - Ankara",inactive,25,Daily,-,,,0,0,,0,,Ongoing,,,0
2022-10-10,2025-11-10,"Hype - IG - Erişim  07 Mayıs 2019 - Bursa",inactive,25,Daily,-,,,0,0,,0,,Ongoing,,,0
2022-10-10,2025-11-10,"Hype - IG - Erişim  08 Mayıs 2019",inactive,100,Daily,-,,,0,0,,0,,Ongoing,,,0
2022-10-10,2025-11-10,"Hype - IG - Erişim  09 Mayıs 2019",inactive,100,Daily,-,,,0,0,,0,,Ongoing,,,0
2022-10-10,2025-11-10,"Hype - IG&FB - Erişim  10 Mayıs 2019",inactive,100,Daily,-,,,0,0,,0,,Ongoing,,,0
2022-10-10,2025-11-10,"Hype - IG - Erişim  10 Mayıs 2019 - İzmir",inactive,25,Daily,-,,,0,0,,0,,Ongoing,,,0
2022-10-10,2025-11-10,"Hype - IG&FB - Erişim  11 Mayıs 2019 - Bursa",inactive,100,Daily,-,,,0,0,,0,,Ongoing,,,0
2022-10-10,2025-11-10,"Hype - IG FB- Purchase - İstanbul - İftar - Genel",inactive,200,Daily,-,,,0,0,,0,,Ongoing,,,0
2022-10-10,2025-11-10,"Hype - IG FB - Purchase - Bursa - İftar - Genel",inactive,100,Daily,-,,,0,0,,0,,Ongoing,,,0
2022-10-10,2025-11-10,"Hype - IG FB - Purchase - Ankara - İftar - Genel -",inactive,100,Daily,-,,,0,0,,0,,Ongoing,,,0
2022-10-10,2025-11-10,"Hype - IG FB - Purchase - İzmir - İftar - Genel",inactive,150,Daily,-,,,0,0,,0,,Ongoing,,,0
2022-10-10,2025-11-10,"Hype - IG&FB - Erişim  13 Mayıs 2019",inactive,100,Daily,-,,,0,0,,0,,Ongoing,,,0
2022-10-10,2025-11-10,"Hype - IG&FB - Erişim  14 Mayıs 2019",inactive,100,Daily,-,,,0,0,,0,,Ongoing,,,0
2022-10-10,2025-11-10,"Hype - IG&FB - Erişim  15 Mayıs 2019",inactive,100,Daily,-,,,0,0,,0,,Ongoing,,,0
2022-10-10,2025-11-10,"Hype - IG&FB - Erişim  16 Mayıs 2019",inactive,100,Daily,-,,,0,0,,0,,Ongoing,,,0
2022-10-10,2025-11-10,"Hype - IG&FB - Erişim  17 Mayıs 2019 - Çekiliş",inactive,100,Daily,-,,,0,0,,0,,Ongoing,,,0
2022-10-10,2025-11-10,"Hype - IG&FB - Erişim  20 Mayıs 2019",inactive,100,Daily,-,,,0,0,,0,,Ongoing,,,0
2022-10-10,2025-11-10,"Hype - FB IG - Post Promote -  20 Mayıs - IDA -",inactive,30,Daily,-,,,0,0,,0,,Ongoing,,,0
2022-10-10,2025-11-10,"Hype - FB IG - Reach -  20 Mayıs - IDA -",inactive,100,Daily,-,,,0,0,,0,,Ongoing,,,0
2022-10-10,2025-11-10,"Hype - IG&FB - Erişim  21 Mayıs 2019",inactive,100,Daily,-,,,0,0,,0,,Ongoing,,,0
2022-10-10,2025-11-10,"Hype - IG&FB - Erişim  22 Mayıs 2019",inactive,100,Daily,-,,,0,0,,0,,Ongoing,,,0
2022-10-10,2025-11-10,"Hype - IG - Erişim  22 Mayıs 2019 - Ataköşk - Çekiliş",inactive,70,Daily,-,,,0,0,,0,,Ongoing,,,0
2022-10-10,2025-11-10,"Hype - IG&FB - Erişim  23 Mayıs 2019",inactive,100,Daily,-,,,0,0,,0,,Ongoing,,,0
2022-10-10,2025-11-10,"Hype - IG&FB - Erişim  24 Mayıs 2019",inactive,100,Daily,-,,,0,0,,0,,Ongoing,,,0
2022-10-10,2025-11-10,mobil-app-inaktif-nisan,inactive,"Using ad set budget",0,-,,,0,0,,0,,Ongoing,,,0
2022-10-10,2025-11-10,mobil-app-inaktif-mayis,inactive,"Using ad set budget",0,-,,,0,0,,0,,Ongoing,,,0
2022-10-10,2025-11-10,ank-pasa-rest-kahvalti,inactive,"Using ad set budget",0,-,,,0,0,,0,,Ongoing,,,0
2022-10-10,2025-11-10,instagram-mobil-download-lookalike-audience,inactive,"Using ad set budget",0,-,,,0,0,,0,,Ongoing,,,0
2022-10-10,2025-11-10,instagram-mobil-download-22ekim,inactive,"Using ad set budget",0,-,,,0,0,,0,,Ongoing,,,0
2022-10-10,2025-11-10,mobil-download-kasim,inactive,"Using ad set budget",0,-,,,0,0,,0,,Ongoing,,,0
2022-10-10,2025-11-10,ist-kategoriler,inactive,"Using ad set budget",0,-,,,0,0,,0,,Ongoing,,,0
2022-10-10,2025-11-10,mobil-download-agustos,inactive,"Using ad set budget",0,-,,,0,0,,0,,Ongoing,,,0
2022-10-10,2025-11-10,Kıbrıs-Fırsatları,inactive,"Using ad set budget",0,-,,,0,0,,0,,Ongoing,,,0
2022-10-10,2025-11-10,Hype_Kıbrıs_Fırsatları_Genel_Conversion_Call,inactive,100,Daily,-,,,0,0,,0,,Ongoing,,,0
2022-10-10,2025-11-10,Hype_Kıbrıs_Fırsatları_Gala_Conversion_Call,inactive,55,Daily,-,,,0,0,,0,,Ongoing,,,0
2022-10-10,2025-11-10,"post için",inactive,"Using ad set budget",0,-,,,0,0,,0,,Ongoing,,,0
2022-10-10,2025-11-10,deneme,inactive,"Using ad set budget",0,-,,,0,0,,0,,Ongoing,,,0
2022-10-10,2025-11-10,"Hype_Kıbrıs_Fırsatları_Gala_Reach_Call FB&IG",inactive,100,Daily,-,,,0,0,,0,,Ongoing,,,0
2022-10-10,2025-11-10,"Hype - IG - Post Promote - 22 Şubat 2019",inactive,75,Daily,-,,,0,0,,0,,Ongoing,,,0
2022-10-10,2025-11-10,"Hype - IG - Post Promote - 01 Mart 2019",inactive,75,Daily,-,,,0,0,,0,,Ongoing,,,0
2022-10-10,2025-11-10,"Hype - IG - Post Promote - 02 Mart 2019",inactive,50,Daily,-,,,0,0,,0,,Ongoing,,,0
2022-10-10,2025-11-10,"Hype - IG - Link Click - 14 Mart 2019",inactive,50,Daily,-,,,0,0,,0,,Ongoing,,,0
2022-10-10,2025-11-10,"Hype - IG - Conversion Purchase - 14 Mart 2019",inactive,50,Daily,-,,,0,0,,0,,Ongoing,,,0
2022-10-10,2025-11-10,"Hype - IG - Post Promote - Post Engagements -  15 Mart 2019 Çekiliş",inactive,25,Daily,-,,,0,0,,0,,Ongoing,,,0
2022-10-10,2025-11-10,"Hype - IG - Post Promote - 22 Mart 2019",inactive,30,Daily,-,,,0,0,,0,,Ongoing,,,0
2022-10-10,2025-11-10,"Hype - IG - Post Promote - Post Engagements -  29 Mart 2019 Çekiliş",inactive,25,Daily,-,,,0,0,,0,,Ongoing,,,0
2022-10-10,2025-11-10,"Hype - IG - Post Promote - Post Engagements -  2 Nisan 2019 - Papa johns",inactive,35,Daily,-,,,0,0,,0,,Ongoing,,,0
2022-10-10,2025-11-10,"Hype - IG - Post Promote - Post Engagements -  4 Nisan 2019 - kahve festivali",inactive,50,Daily,-,,,0,0,,0,,Ongoing,,,0
2022-10-10,2025-11-10,"Hype - IG - Post Promote - Post Engagements -  5 Nisan 2019 Etkinlik",inactive,30,Daily,-,,,0,0,,0,,Ongoing,,,0
2022-10-10,2025-11-10,retail-grimm-masallari,inactive,"Using ad set budget",0,-,,,0,0,,0,,Ongoing,,,0
2022-10-10,2025-11-10,ist-iftar-iskele-balik-210714,inactive,"Using ad set budget",0,-,,,0,0,,0,,Ongoing,,,0
2022-10-10,2025-11-10,mobil-app-eylül-11,inactive,"Using ad set budget",0,-,,,0,0,,0,,Ongoing,,,0
2022-10-10,2025-11-10,mobil-app-kasim,inactive,"Using ad set budget",0,-,,,0,0,,0,,Ongoing,,,0
2022-10-10,2025-11-10,mobil-audience-reklam,inactive,"Using ad set budget",0,-,,,0,0,,0,,Ongoing,,,0
2022-10-10,2025-11-10,mobil-app-subat,inactive,"Using ad set budget",0,-,,,0,0,,0,,Ongoing,,,0
2022-10-10,2025-11-10,mobil-app-subat-RM,inactive,"Using ad set budget",0,-,,,0,0,,0,,Ongoing,,,0
2022-10-10,2025-11-10,ant-akvaryum-giris,inactive,"Using ad set budget",0,-,,,0,0,,0,,Ongoing,,,0
2022-10-10,2025-11-10,mobil-app-inaktif,inactive,"Using ad set budget",0,-,,,0,0,,0,,Ongoing,,,0
2022-10-10,2025-11-10,ank-Inaktif-Kitle-Genel,inactive,"Using ad set budget",0,-,,,0,0,,0,,Ongoing,,,0
2022-10-10,2025-11-10,izm-Inaktif-Kitle-Genel,inactive,"Using ad set budget",0,-,,,0,0,,0,,Ongoing,,,0
2022-10-10,2025-11-10,ist-radisson-blu-sisli,inactive,"Using ad set budget",0,-,,,0,0,,0,,1970-01-01,,,0
